{
  "type": "minecraft:block",
  "pools": [
    {
      "bonus_rolls": 0.0,
      "conditions": [
        {
          "condition": "minecraft:match_tool",
          "predicate": {
            "predicates": {
              "minecraft:enchantments": [
                {
                  "enchantments": "minecraft:silk_touch",
                  "levels": {
                    "min": 1
                  }
                }
              ],
			  "minecraft:enchantments": [
								{
									"enchantments": "copper_tools:amethyst_touch",
									"levels": {
										"min": 1
									}
								}
							]
            }
          }
        }
      ],
      "entries": [
        {
          "type": "minecraft:item",
          "name": "minecraft:blue_stained_glass_pane"
        }
      ],
      "rolls": 1.0
    }
  ],
  "random_sequence": "minecraft:blocks/blue_stained_glass_pane"
}