{
  "display": {
    "icon": {
      "id": "minecraft:iron_pickaxe",
      "count": 1,
      "components": {
        "minecraft:custom_model_data": 4,
        "minecraft:enchantments": {
          "minecraft:mending": 1
        }
      }
    },
    "title": {
      "text": "Choir",
      "italic": false
    },
    "description": {
      "text": "Mine Budding Amethyst with a fully oxidized copper pickaxe",
      "italic": false
    },
    "frame": "goal",
    "announce_to_chat": true,
    "hidden": false
  },
  "parent": "copper_tools:copper_tools/obtain_oxidized_tool",
  "criteria": {
    "has_budding_amethyst": {
      "trigger": "minecraft:inventory_changed",
      "conditions": {
        "items": [
          {
            "items": "minecraft:budding_amethyst"
          }
        ]
      }
    }
  },
  "requirements": [
    [
      "has_budding_amethyst"
    ]
  ],
  "sends_telemetry_event": true
}