{
	"display": {
		"icon": {
			"id": "minecraft:copper_ingot",
			"count": 1,
			"components": {
				"minecraft:custom_model_data": 3
			}
		},
		"title": {
			"text": "With Time",
			"italic": false
		},
		"description": {
			"text": "Let a copper tool oxidize inside an item frame",
			"italic": false
		}
	},
	"parent": "copper_tools:copper_tools/craft_tool",
	"criteria": {
		"copper_boots": {
			"trigger": "minecraft:inventory_changed",
			"conditions": {
				"items": [
					{
						"items": "minecraft:chainmail_boots",
						"components": {
							"minecraft:custom_model_data": 4
						}
					}
				]
			}
		},
		"copper_chestplate": {
			"trigger": "minecraft:inventory_changed",
			"conditions": {
				"items": [
					{
						"items": "minecraft:chainmail_chestplate",
						"components": {
							"minecraft:custom_model_data": 4
						}
					}
				]
			}
		},
		"copper_helmet": {
			"trigger": "minecraft:inventory_changed",
			"conditions": {
				"items": [
					{
						"items": "minecraft:chainmail_helmet",
						"components": {
							"minecraft:custom_model_data": 4
						}
					}
				]
			}
		},
		"copper_leggings": {
			"trigger": "minecraft:inventory_changed",
			"conditions": {
				"items": [
					{
						"items": "minecraft:chainmail_leggings",
						"components": {
							"minecraft:custom_model_data": 4
						}
					}
				]
			}
		},
		"copper_axe": {
			"trigger": "minecraft:inventory_changed",
			"conditions": {
				"items": [
					{
						"items": "minecraft:iron_axe",
						"components": {
							"minecraft:custom_model_data": 4
						}
					}
				]
			}
		},
		"copper_pickaxe": {
			"trigger": "minecraft:inventory_changed",
			"conditions": {
				"items": [
					{
						"items": "minecraft:iron_pickaxe",
						"components": {
							"minecraft:custom_model_data": 4
						}
					}
				]
			}
		},
		"copper_sword": {
			"trigger": "minecraft:inventory_changed",
			"conditions": {
				"items": [
					{
						"items": "minecraft:iron_sword",
						"components": {
							"minecraft:custom_model_data": 4
						}
					}
				]
			}
		},
		"copper_hoe": {
			"trigger": "minecraft:inventory_changed",
			"conditions": {
				"items": [
					{
						"items": "minecraft:iron_hoe",
						"components": {
							"minecraft:custom_model_data": 4
						}
					}
				]
			}
		},
		"copper_shovel": {
			"trigger": "minecraft:inventory_changed",
			"conditions": {
				"items": [
					{
						"items": "minecraft:iron_shovel",
						"components": {
							"minecraft:custom_model_data": 4
						}
					}
				]
			}
		}
	},
	"requirements": [
		[
			"copper_helmet",
			"copper_chestplate",
			"copper_leggings",
			"copper_boots",
			"copper_axe",
			"copper_pickaxe",
			"copper_hoe",
			"copper_sword",
			"copper_shovel"
		]
	],
	"sends_telemetry_event": true
}
