{
  "display": {
    "icon": {
      "id": "minecraft:chainmail_chestplate",
      "count": 1,
      "components": {
        "minecraft:custom_model_data": 4
      }
    },
    "title": {
      "text": "Cover Me in Oxidization",
      "italic": false
    },
    "description": {
      "text": "Oh the magic of time and air",
      "italic": false
    },
    "frame": "challenge",
    "announce_to_chat": true,
    "hidden": true
  },
  "parent": "copper_tools:copper_tools/obtain_oxidized_tool",
  "criteria": {
    "has_oxidized_armor": {
      "trigger": "minecraft:inventory_changed",
      "conditions": {
        "items": [
          {
            "items": "minecraft:chainmail_leggings",
            "components": {
              "minecraft:custom_model_data": 4
            }
          },
          {
            "items": "minecraft:chainmail_chestplate",
            "components": {
              "minecraft:custom_model_data": 4
            }
          },
          {
            "items": "minecraft:chainmail_boots",
            "components": {
              "minecraft:custom_model_data": 4
            }
          },
          {
            "items": "minecraft:chainmail_helmet",
            "components": {
              "minecraft:custom_model_data": 4
            }
          }
        ]
      }
    }
  },
  "requirements": [
    [
      "has_oxidized_armor"
    ]
  ],
  "rewards": {
    "recipes": [
      "minecraft:1000"
    ]
  },
  "sends_telemetry_event": true
}
