{
  "display": {
    "icon": {
      "id": "minecraft:copper_ingot",
      "count": 1,
      "components": {
        "minecraft:custom_model_data": 4
      }
    },
    "title": {
      "text": "Patina"
    },
    "description": {
      "text": "Adding new uses for copper"
    },
    "background": "minecraft:textures/block/oxidized_copper.png",
    "show_toast": false,
    "announce_to_chat": false
  },
  "criteria": {
    "has_copper_ingot": {
      "trigger": "minecraft:inventory_changed",
      "conditions": {
        "items": [
          {
            "items": "minecraft:copper_ingot"
          }
        ]
      }
    }
  },
  "requirements": [
    [
      "has_copper_ingot"
    ]
  ],
  "sends_telemetry_event": true
}
