{
  "display": {
    "icon": {
      "id": "minecraft:copper_ingot",
      "count": 1,
      "components": {
        "minecraft:custom_model_data": 5
      }
    },
    "title": {
      "text": "Anti Aging Syrum",
      "italic": false
    },
    "description": {
      "text": "Smear honeycomb on a copper tool",
      "italic": false
    }
  },
  "parent": "copper_tools:copper_tools/craft_tool",
  "criteria": {
    "nothing": {
      "trigger": "minecraft:impossible"
    }
  },
  "sends_telemetry_event": true
}
