{
  "display": {
    "icon": {
      "id": "minecraft:iron_pickaxe",
      "count": 1
    },
    "title": {
      "translate": "advancements.story.iron_tools.title"
    },
    "description": {
      "translate": "advancements.story.iron_tools.description"
    }
  },
  "parent": "minecraft:story/smelt_iron",
  "criteria": {
    "iron_pickaxe": {
      "trigger": "minecraft:inventory_changed",
      "conditions": {
        "items": [
          {
            "items": "minecraft:iron_pickaxe",
            "components": {
              "minecraft:max_damage": 250
            }
          }
        ]
      }
    }
  },
  "requirements": [
    [
      "iron_pickaxe"
    ]
  ],
  "sends_telemetry_event": true
}
