{
  "type": "minecraft:crafting_shaped",
  "category": "equipment",
  "pattern": [
    "###",
    " / ",
    " / "
  ],
  "key": {
    "#": {
      "item": "minecraft:copper_ingot"
    },
    "/": {
      "item": "minecraft:stick"
    }
  },
  "result": {
    "id": "minecraft:iron_pickaxe",
    "components": {
      "custom_model_data": 1,
      "custom_data": "{cop:1}",
      "item_name": "[{'text':'Copper Pickaxe','italic':false}]",
      "max_damage": 162
    }
  }
}
