{
	"parent": "minecraft:recipes/root",
	"criteria": {
		"has_copper_ingot": {
			"trigger": "minecraft:inventory_changed",
			"conditions": {
				"items": [
					{
						"items": "minecraft:copper_ingot"
					}
				]
			}
		},
		"has_the_recipe": {
			"trigger": "minecraft:recipe_unlocked",
			"conditions": {
				"recipe": "copper_tools:copper_boots"
			}
		}
	},
	"requirements": [
		[
			"has_the_recipe",
			"has_copper_ingot"
		]
	],
	"rewards": {
		"recipes": [
			"copper_tools:copper_boots"
		]
	}
}
